{
    "cycles_program_begin": 13882945787979546,
    "stat": {
        "ru_self_cgstart": {
            "ru_maxrss_kb": 58364,
            "ru_utime_sec": 0.066481999999999999,
            "ru_minflt": 21350,
            "ru_stime_sec": 0.055825,
            "ru_nivcsw": 40,
            "ru_nvcsw": 21,
            "ru_majflt": 0
        },
        "ru_childs_cgstart": {
            "ru_maxrss_kb": 13184,
            "ru_utime_sec": 0.0040769999999999999,
            "ru_minflt": 595,
            "ru_stime_sec": 0.0020379999999999999,
            "ru_nivcsw": 4,
            "ru_nvcsw": 1,
            "ru_majflt": 0
        },
        "cpu_cycles_cgstart": 13882946223083086,
        "mop/quad": 2.4162633107454017,
        "ru_childs_end": {
            "ru_maxrss_kb": 13184,
            "ru_utime_sec": 0.0040769999999999999,
            "ru_minflt": 595,
            "ru_stime_sec": 0.0020379999999999999,
            "ru_nivcsw": 4,
            "ru_nvcsw": 1,
            "ru_majflt": 0
        },
        "nMops": 2496,
        "cpu_cycles_end": 13882946333771748,
        "ru_self_end": {
            "ru_maxrss_kb": 66492,
            "ru_utime_sec": 0.101302,
            "ru_minflt": 23738,
            "ru_stime_sec": 0.063561999999999994,
            "ru_nivcsw": 44,
            "ru_nvcsw": 21,
            "ru_majflt": 0
        },
        "totalObjSize": 135542,
        "mopSpeed": 71682.940838598501,
        "nQuads": 1033,
        "cpu_cycles_total": 545792202,
        "quadSpeed": 29666.858127512922,
        "outputSizePerQuad": 131.21200387221685,
        "Frontend(%)": 66.957363421554575,
        "CodeGen(%)": 33.042636578445425,
        "peak_mem_kb": 197552,
        "realTime": 0.22666905971709639
    },
    "perf": [
        {
            "stat": [
                "main",
                "entry",
                0.016274059773422778,
                0.034911999999999999,
                0.031919000000000003,
                180056,
                180056,
                0.0,
                0.0,
                1647305890.1790459,
                13882945788262398
            ],
            "sub": [
                {
                    "stat": [
                        "doParsingAndDesignResolution",
                        "entry",
                        0.13935105979908258,
                        0.044519999999999997,
                        0.039572999999999997,
                        180392,
                        181192,
                        0.0,
                        0.0,
                        1647305890.3021231,
                        13882946107488238
                    ],
                    "sub": []
                },
                {
                    "stat": [
                        "doParsingAndDesignResolution",
                        "exit",
                        0.1464090597582981,
                        0.049502999999999998,
                        0.041582000000000001,
                        181856,
                        182504,
                        0.0,
                        0.0,
                        1647305890.309181,
                        13882946125797384
                    ],
                    "sub": []
                },
                {
                    "stat": [
                        "doPostDesignResolutionToVir2Vcs",
                        "entry",
                        0.14745605981443077,
                        0.049532,
                        0.042597000000000003,
                        182000,
                        182504,
                        0.0,
                        0.0,
                        1647305890.3102281,
                        13882946128494198
                    ],
                    "sub": [
                        {
                            "stat": [
                                "doUptoVir2VcsNoSepCleanup",
                                "entry",
                                0.15080805972684175,
                                0.051782000000000002,
                                0.043691000000000001,
                                182772,
                                182776,
                                0.0,
                                0.0,
                                1647305890.31358,
                                13882946137169714
                            ],
                            "sub": []
                        },
                        {
                            "stat": [
                                "doUptoVir2VcsNoSepCleanup",
                                "exit",
                                0.17422905971761793,
                                0.063214999999999993,
                                0.049385999999999999,
                                182768,
                                197552,
                                0.0040769999999999999,
                                0.0020379999999999999,
                                1647305890.3370011,
                                13882946198166614
                            ],
                            "sub": []
                        },
                        {
                            "stat": [
                                "doRadify_vir2vcsAll",
                                "entry",
                                0.17445905972272158,
                                0.063343999999999998,
                                0.049487000000000003,
                                182768,
                                197552,
                                0.0040769999999999999,
                                0.0020379999999999999,
                                1647305890.3372309,
                                13882946198696466
                            ],
                            "sub": []
                        },
                        {
                            "stat": [
                                "doRadify_vir2vcsAll",
                                "exit",
                                0.18163805978838354,
                                0.066443000000000002,
                                0.053551000000000001,
                                184452,
                                197552,
                                0.0040769999999999999,
                                0.0020379999999999999,
                                1647305890.3444099,
                                13882946217211610
                            ],
                            "sub": []
                        }
                    ]
                },
                {
                    "stat": [
                        "doPostDesignResolutionToVir2Vcs",
                        "exit",
                        0.18170705973170698,
                        0.066481999999999999,
                        0.053581999999999998,
                        184452,
                        197552,
                        0.0040769999999999999,
                        0.0020379999999999999,
                        1647305890.3444791,
                        13882946217371162
                    ],
                    "sub": []
                },
                {
                    "stat": [
                        "doGAToPass2",
                        "entry",
                        0.18176805973052979,
                        0.066481999999999999,
                        0.053643000000000003,
                        184452,
                        197552,
                        0.0040769999999999999,
                        0.0020379999999999999,
                        1647305890.3445401,
                        13882946217502046
                    ],