{
    "Modules": {
        "...MASTER...": {
            "start_perf": [
                0.18401005980558693,
                0.066481999999999999,
                0.055878999999999998,
                182972,
                197552,
                1647305890.346782,
                13882946223318354
            ],
            "child_modules": {
                "std": 1,
                "cnt10_tb": 1
            },
            "nMops": 0,
            "end_perf": [
                0.18828605976887047,
                0.069249000000000005,
                0.057377999999999998,
                185164,
                197552,
                13882946234433762,
                0,
                0
            ],
            "nQuads": 0,
            "nRouts": 5
        },
        "std": {
            "start_perf": [
                0.1884180597262457,
                0.069315000000000002,
                0.057432999999999998,
                185164,
                197552,
                1647305890.3511901,
                13882946234758532
            ],
            "Compiled": "Yes",
            "svclass": [
                "$vcs_nba_dyn_obj",
                428,
                35,
                2,
                2,
                0,
                "sigprop$$",
                428,
                35,
                2,
                2,
                0,
                "process",
                1842,
                187,
                8,
                8,
                0,
                "event",
                448,
                34,
                2,
                2,
                0,
                "mailbox",
                1492,
                140,
                9,
                9,
                0,
                "semaphore",
                904,
                84,
                5,
                5,
                0
            ],
            "child_modules": {},
            "nRouts": 33,
            "Compiled Times": 1,
            "end_perf": [
                0.19749405980110168,
                0.076327000000000006,
                0.059475,
                186624,
                197552,
                13882946258274224,
                8589934594,
                0
            ],
            "nMops": 515,
            "nQuads": 218
        },
        "cnt10_tb": {
            "Compiled": "Yes",
            "start_perf": [
                0.19754605973139405,
                0.076356999999999994,
                0.059499000000000003,
                186624,
                197552,
                1647305890.3603179,
                13882946258386962
            ],
            "child_modules": {},
            "nRouts": 125,
            "Compiled Times": 1,
            "nMops": 1981,
            "end_perf": [
                0.22298205981496722,
                0.099899000000000002,
                0.061323999999999997,
                189376,
                197552,
                13882946324391084,
                17179869185,
                0
            ],
            "nQuads": 815
        }
    },
    "CompUnits": {
        "reYIK_d": {
            "mod": "std",
            "cls": 5542,
            "out": "reYIK_d.o",
            "archive": "archive.0/_255763_archive_1.a",
            "checksum": 0,
            "bytes": 27432,
            "mode": 4,
            "text": 5826
        },
        "amcQw_d": {
            "mod": "...MASTER...",
            "out": "objs/amcQw_d.o",
            "checksum": 0,
            "bytes": 4942,
            "mode": 4,
            "text": 414
        },
        "qjB7J_d": {
            "mod": "cnt10_tb",
            "out": "qjB7J_d.o",
            "archive": "archive.0/_255763_archive_1.a",
            "checksum": 0,
            "bytes": 43160,
            "mode": 4,
            "text": 18882
        }
    },
    "reusePaths": {},
    "stat": {
        "ru_self_end": {
            "ru_maxrss_kb": 66492,
            "ru_utime_sec": 0.101171,
            "ru_minflt": 23734,
            "ru_stime_sec": 0.063478999999999994,
            "ru_nivcsw": 44,
            "ru_nvcsw": 21,
            "ru_majflt": 0
        },
        "cpu_cycles_end": 13882946333214854,
        "ru_childs_end": {
            "ru_maxrss_kb": 13184,
            "ru_utime_sec": 0.0040769999999999999,
            "ru_minflt": 595,
            "ru_stime_sec": 0.0020379999999999999,
            "ru_nivcsw": 4,
            "ru_nvcsw": 1,
            "ru_majflt": 0
        },
        "peak_mem_kb": 197552
    },
    "ObjArchives": [
        {
            "archive": "archive.0/_255763_archive_1.a",
            "objects": [
                [
                    "reYIK_d.o",
                    27432
                ],
                [
                    "qjB7J_d.o",
                    43160
                ],
                [
                    "amcQwB.o",
                    60008
                ]
            ],
            "size": 130600
        }
    ]
}